Everybody,Chris Janson,Everybody
Everybody (Backstreet's Back),Backstreet Boys,Everybody (Backstreet's Back)
No place,Backstreet Boys,No place
If You're Going Through Hell (Before The Devil Even Knows),Rodney Atkins,If You're Going Through Hell (Before The Devil Even Knows)
I Just Want To Dance With You,George Strait,I Just Want To Dance With You
Saddle Up Shawty,Mikel Knight,Saddle Up Shawty
Bacco Perbacco,Zucchero,Bacco Perbacco
Fishin' in the Dark,Nitty Gritty Dirt Band,Fishin' in the Dark
"5, 6, 7, 8",Steps,"5, 6, 7, 8"
My Baby Thinks Shes A Train,The Deans Brothers,My Baby Thinks Shes A Train
Sold (The Grundy County Auction Incident),John Michael Montgomery,Sold (The Grundy County Auction Incident)
When It Rains It Pours,Luke Combs,When It Rains It Pours
Save a Horse (Ride a Cowboy),Big & Rich,Save a Horse (Ride a Cowboy)
Cotton Eye Joe - Infinity,Rednex,Cotton Eye Joe
Cotton Eye Joe - Westerner,Rednex,Cotton Eye Joe


